account_id,customer_id,account_type,account_status,currency,open_date,credit_limit,current_balance,branch_id,last_updated
A000001,C00005,CREDIT_CARD,SUSPENDED,CAD,2021-12-16,7223.74,6961.57,B010,2026-10-01 05:00:00
A000002,C00078,CHEQUING,SUSPENDED,CAD,2025-04-21,,28586.04,B003,2026-10-01 21:00:00
A000003,C00128,CHEQUING,SUSPENDED,CAD,2022-08-12,,6486.15,B001,2026-09-30 14:00:00
A000004,C00062,LOAN,CLOSED,CAD,2022-12-01,,50447.9,B003,2026-09-29 16:00:00
A000005,C00140,CHEQUING,SUSPENDED,USD,2021-09-29,,32610.81,B012,2026-10-01 03:00:00
A000006,C00005,CREDIT_CARD,ACTIVE,CAD,2024-09-15,20430.03,14290.07,B011,2026-10-01 18:00:00
A000007,C00012,CREDIT_CARD,SUSPENDED,CAD,2022-01-29,24616.38,46423.65,B016,2026-10-01 12:00:00
A000008,C00035,CHEQUING,ACTIVE,USD,2026-06-08,,18475.41,B007,2026-10-02 06:00:00
A000009,C00081,CREDIT_CARD,CLOSED,USD,2022-01-26,5732.42,38442.46,B007,2026-09-30 23:00:00
A000010,C00092,CHEQUING,CLOSED,CAD,2025-02-09,,4958.0,B014,2026-09-30 08:00:00
A000011,C00113,LOAN,SUSPENDED,CAD,2025-08-05,,37719.04,B012,2026-09-29 17:00:00
A000012,C00069,CHEQUING,ACTIVE,USD,2026-03-14,,29448.57,B018,2026-09-30 22:00:00
A000013,C00083,CHEQUING,CLOSED,CAD,2024-10-20,,47873.54,B015,2026-09-30 05:00:00
A000014,C00043,LOAN,CLOSED,CAD,2024-02-19,,4134.28,B020,2026-09-30 04:00:00
A000015,C00071,CHEQUING,CLOSED,CAD,2022-11-17,,46001.0,B017,2026-10-01 15:00:00
A000016,C00008,SAVINGS,ACTIVE,USD,2026-06-12,,5098.4,B012,2026-09-30 13:00:00
A000017,C00099,CHEQUING,CLOSED,CAD,2022-11-01,,30993.81,B012,2026-09-30 03:00:00
A000018,C00020,SAVINGS,CLOSED,CAD,2024-05-29,,20150.84,B008,2026-10-01 21:00:00
A000019,C00007,SAVINGS,ACTIVE,USD,2023-09-27,,25958.99,B009,2026-10-01 02:00:00
A000020,C00181,LOAN,SUSPENDED,CAD,2023-03-18,,22132.69,B007,2026-10-01 20:00:00
A000021,C00035,CHEQUING,SUSPENDED,USD,2025-09-03,,66894.32,B003,2026-09-30 19:00:00
A000022,C00171,CREDIT_CARD,CLOSED,CAD,2023-07-23,22027.24,38373.71,B006,2026-09-30 13:00:00
A000023,C00131,SAVINGS,ACTIVE,CAD,2025-07-07,,58365.25,B016,2026-10-02 08:00:00
A000024,C00093,CREDIT_CARD,ACTIVE,USD,2022-02-19,17238.97,73640.96,B003,2026-10-02 03:00:00
A000025,C00080,LOAN,SUSPENDED,USD,2023-09-11,,31398.84,B019,2026-10-02 02:00:00
A000026,C00033,CREDIT_CARD,CLOSED,CAD,2024-02-13,7566.69,32266.66,B018,2026-10-01 12:00:00
A000027,C00034,LOAN,ACTIVE,CAD,2021-12-24,,10187.92,B010,2026-10-01 14:00:00
A000028,C00042,CREDIT_CARD,CLOSED,CAD,2024-09-13,21918.67,70798.65,B009,2026-10-01 10:00:00
A000029,C00163,CREDIT_CARD,ACTIVE,CAD,2023-02-19,15051.46,19225.97,B006,2026-10-01 16:00:00
A000030,C00044,CREDIT_CARD,ACTIVE,CAD,2022-01-05,5909.24,64102.5,B019,2026-10-01 02:00:00
A000031,C00167,SAVINGS,SUSPENDED,USD,2023-03-06,,46119.3,B018,2026-09-30 22:00:00
A000032,C00165,CREDIT_CARD,SUSPENDED,USD,2025-04-08,10948.68,59375.05,B003,2026-10-02 04:00:00
A000033,C00041,LOAN,CLOSED,USD,2023-12-05,,35368.72,B020,2026-10-01 17:00:00
A000034,C00081,CREDIT_CARD,CLOSED,CAD,2024-05-28,15299.6,5461.29,B004,2026-09-30 19:00:00
A000035,,LOAN,ACTIVE,CAD,2025-02-21,,34270.1,B004,2026-10-02 05:00:00
A000036,C00075,LOAN,ACTIVE,USD,2025-04-01,,72238.75,B011,2026-09-30 19:00:00
A000037,C00049,SAVINGS,CLOSED,USD,2023-10-03,,32345.21,B016,2026-10-02 09:00:00
A000038,C00024,LOAN,CLOSED,USD,2025-04-16,,16920.69,B002,2026-10-02 05:00:00
A000039,C00073,LOAN,ACTIVE,USD,2025-01-14,,40715.12,B014,2026-10-01 18:00:00
A000040,C00068,CREDIT_CARD,ACTIVE,USD,2024-08-03,16405.63,-1380.61,B007,2026-09-30 13:00:00
A000041,C00142,CREDIT_CARD,CLOSED,CAD,2024-06-22,21506.23,35340.44,B020,2026-10-01 20:00:00
A000042,C00033,CHEQUING,CLOSED,USD,2024-07-19,,58591.78,B018,2026-09-30 13:00:00
A000043,C00037,SAVINGS,ACTIVE,USD,2023-11-02,,-1779.61,B005,2026-09-30 17:00:00
A000044,C00122,LOAN,ACTIVE,CAD,2023-03-30,,67091.75,B011,2026-09-30 19:00:00
A000045,C00042,LOAN,SUSPENDED,CAD,2023-04-25,,25891.64,B019,2026-09-30 21:00:00
A000046,C00122,CHEQUING,SUSPENDED,CAD,2024-10-13,,48904.51,B019,2026-09-30 20:00:00
A000047,C00186,CHEQUING,ACTIVE,USD,2025-02-25,,72365.66,B002,2026-09-29 22:00:00
A000048,C00044,LOAN,ACTIVE,CAD,2022-01-13,,51373.79,B019,2026-10-01 21:00:00
A000049,C00049,CHEQUING,SUSPENDED,USD,2024-11-18,,28502.42,B007,2026-09-30 07:00:00
A000050,C00129,LOAN,ACTIVE,CAD,2022-09-07,,11218.1,B018,2026-09-30 18:00:00
A000051,C00170,LOAN,SUSPENDED,USD,2024-11-18,,71794.73,B018,2026-09-30 16:00:00
A000052,C00140,CREDIT_CARD,ACTIVE,CAD,2023-03-22,10580.13,33734.41,B010,2026-10-01 07:00:00
A000053,C00077,CREDIT_CARD,CLOSED,CAD,2022-10-09,14596.07,51399.06,B018,2026-10-01 00:00:00
A000054,C00074,CHEQUING,ACTIVE,USD,2024-06-05,,60470.2,B010,2026-10-02 06:00:00
A000055,C00074,CHEQUING,SUSPENDED,CAD,2024-02-29,,47477.76,B007,2026-10-01 10:00:00
A000056,C00138,CREDIT_CARD,ACTIVE,CAD,2025-11-14,9849.16,3738.13,B017,2026-10-01 07:00:00
A000057,C00164,SAVINGS,SUSPENDED,CAD,2026-01-29,,28064.11,B004,2026-10-01 18:00:00
A000058,C00002,SAVINGS,SUSPENDED,USD,2022-12-24,,69802.57,B016,2026-10-01 10:00:00
A000059,C00074,CREDIT_CARD,ACTIVE,CAD,2023-01-08,18045.97,-266.99,B008,2026-09-29 15:00:00
A000060,C00190,CHEQUING,ACTIVE,CAD,2024-04-19,,65579.6,B002,2026-09-30 09:00:00
A000061,C00127,SAVINGS,ACTIVE,CAD,2026-06-07,,-4258.63,B011,2026-09-30 23:00:00
A000062,C00117,LOAN,CLOSED,CAD,2021-11-14,,38311.74,B007,2026-10-01 21:00:00
A000063,C00085,SAVINGS,ACTIVE,USD,2023-01-03,,15581.19,B001,2026-09-30 16:00:00
A000064,C00076,SAVINGS,SUSPENDED,CAD,2023-03-20,,63491.72,B014,2026-09-29 18:00:00
A000065,C00084,CHEQUING,ACTIVE,USD,2022-11-21,,2630.81,B016,2026-09-30 18:00:00
A000066,C00064,CHEQUING,CLOSED,CAD,2024-06-28,,13841.7,B011,2026-09-30 21:00:00
A000067,C00150,CHEQUING,ACTIVE,CAD,2022-12-23,,23764.17,B002,2026-10-01 20:00:00
A000068,C00120,CREDIT_CARD,CLOSED,CAD,2024-05-14,18805.81,49885.89,B010,2026-09-30 12:00:00
A000069,C00158,SAVINGS,SUSPENDED,CAD,2025-11-22,,33254.55,B020,2026-09-30 12:00:00
A000070,C00107,LOAN,ACTIVE,CAD,2022-05-15,,19312.44,B017,2026-09-30 02:00:00
A000071,C00136,CREDIT_CARD,ACTIVE,CAD,2023-06-24,16454.03,3976.7,B005,2026-10-01 14:00:00
A000072,C00084,LOAN,SUSPENDED,CAD,2022-10-29,,16199.71,B003,2026-09-29 18:00:00
A000073,C00115,CHEQUING,SUSPENDED,USD,2025-11-25,,36059.83,B019,2026-10-02 04:00:00
A000074,C00144,LOAN,CLOSED,CAD,2022-08-02,,2611.01,B001,2026-10-01 08:00:00
A000075,C00149,CHEQUING,ACTIVE,CAD,2024-04-07,,22562.31,B018,2026-10-02 04:00:00
A000076,C00018,LOAN,ACTIVE,CAD,2025-01-12,,31256.15,B014,2026-09-30 12:00:00
A000077,C00098,LOAN,ACTIVE,USD,2024-07-14,,6938.5,B012,2026-10-01 20:00:00
A000078,C00046,LOAN,ACTIVE,CAD,2022-07-24,,73425.6,B001,2026-09-30 21:00:00
A000079,C00119,LOAN,SUSPENDED,USD,2022-01-09,,17995.14,B012,2026-10-01 16:00:00
A000080,C00071,SAVINGS,SUSPENDED,CAD,2026-06-18,,59758.25,B020,2026-10-02 09:00:00
A000081,C00062,SAVINGS,SUSPENDED,CAD,2026-01-28,,42515.53,B020,2026-10-02 05:00:00
A000082,C00063,CHEQUING,ACTIVE,USD,2024-03-07,,13747.14,B002,2026-10-01 18:00:00
A000083,C00129,CREDIT_CARD,CLOSED,CAD,2022-01-25,16549.5,68311.76,B011,2026-10-01 05:00:00
A000084,C00078,SAVINGS,ACTIVE,CAD,2024-04-28,,19040.08,B018,2026-10-01 13:00:00
A000085,C00161,LOAN,SUSPENDED,USD,2026-05-18,,72949.48,B017,2026-09-30 19:00:00
A000086,C00179,LOAN,ACTIVE,USD,2025-10-21,,23191.75,B018,2026-09-29 23:00:00
A000087,C00062,SAVINGS,SUSPENDED,CAD,2021-10-31,,51606.14,B002,2026-09-29 12:00:00
A000088,C00106,LOAN,ACTIVE,CAD,2024-06-18,,18971.53,B011,2026-10-02 01:00:00
A000089,C00116,CREDIT_CARD,ACTIV,CAD,2023-08-22,6030.73,52966.78,B013,2026-10-02 06:00:00
A000090,C00019,SAVINGS,CLOSED,CAD,2023-12-15,,11711.13,B010,2026-10-02 10:00:00
A000091,C00055,SAVINGS,SUSPENDED,CAD,2022-06-15,,74965.76,B008,2026-10-01 09:00:00
A000092,C00102,SAVINGS,SUSPENDED,CAD,2022-04-17,,17644.74,B018,2026-09-30 14:00:00
A000093,C00079,CREDIT_CARD,SUSPENDED,CAD,2023-10-07,6972.16,65624.96,B016,2026-09-30 19:00:00
A000094,C00053,CREDIT_CARD,ACTIVE,CAD,2024-04-27,19825.05,-1342.76,B001,2026-10-01 02:00:00
A000095,C00142,LOAN,ACTIVE,CAD,2025-10-14,,15518.19,B013,2026-10-01 04:00:00
A000096,C00128,CREDIT_CARD,SUSPENDED,CAD,2022-05-12,14216.58,60727.36,B012,2026-10-01 14:00:00
A000097,C00036,LOAN,ACTIVE,CAD,2023-08-08,,74283.94,B017,2026-10-02 07:00:00
A000098,C00020,CHEQUING,ACTIVE,CAD,2024-04-30,,5999.32,B003,2026-10-01 16:00:00
A000099,C00003,SAVINGS,SUSPENDED,USD,2024-07-19,,-163.99,B016,2026-10-02 09:00:00
A000100,C00002,LOAN,CLOSED,CAD,2026-07-19,,40176.91,B018,2026-09-30 23:00:00
A000101,C00005,LOAN,ACTIVE,CAD,2026-01-15,,68935.61,B008,2026-10-01 11:00:00
A000102,C00159,CREDIT_CARD,ACTIVE,CAD,2025-02-21,12461.03,58594.91,B013,2026-09-30 01:00:00
A000103,C00145,SAVINGS,ACTIVE,CAD,2024-12-16,,49723.33,B002,2026-10-02 00:00:00
A000104,C00104,LOAN,ACTIVE,USD,2023-07-18,,36224.38,B006,2026-10-02 01:00:00
A000105,C00128,,ACTIVE,CAD,2023-06-21,,73322.36,B017,2026-10-02 06:00:00
A000106,C00059,SAVINGS,ACTIVE,USD,2025-02-13,,-1275.04,B009,2026-09-29 14:00:00
A000107,C00145,CHEQUING,ACTIVE,CAD,2021-11-15,,20158.78,B019,2026-10-01 17:00:00
A000108,C00183,LOAN,ACTIVE,CAD,2024-12-18,,13021.32,B019,2026-09-30 10:00:00
A000109,C00174,CREDIT_CARD,ACTIVE,USD,2022-05-28,15015.86,54179.61,B012,2026-10-02 05:00:00
A000110,C00026,LOAN,SUSPENDED,CAD,2021-12-09,,6625.35,B011,2026-10-02 08:00:00
A000111,C00163,CREDIT_CARD,SUSPENDED,USD,2023-11-22,13636.96,13251.07,B019,2026-09-30 11:00:00
A000112,C00022,CREDIT_CARD,CLOSED,CAD,2022-08-23,8084.42,880.53,B005,2026-09-30 10:00:00
A000113,C00082,CREDIT_CARD,CLOSED,CAD,2026-02-16,13894.72,-4584.38,B009,2026-10-01 22:00:00
A000114,C00034,CHEQUING,SUSPENDED,CAD,2024-03-23,,30907.49,B004,2026-10-02 08:00:00
A000115,C00023,CREDIT_CARD,CLOSED,CAD,2023-04-18,22274.36,42843.5,B001,2026-09-30 22:00:00
A000116,C00106,LOAN,ACTIVE,CAD,2022-07-30,,67684.07,B019,2026-09-29 17:00:00
A000117,C00044,LOAN,CLOSED,CAD,2025-11-11,,20900.0,B016,2026-10-01 17:00:00
A000118,C00017,SAVINGS,SUSPENDED,USD,2025-02-03,,28688.19,B003,2026-09-30 13:00:00
A000119,C00065,SAVINGS,SUSPENDED,USD,2023-04-24,,44333.5,B004,2026-10-01 18:00:00
A000120,C00078,CHEQUING,SUSPENDED,USD,2024-10-11,,62329.07,B011,2026-09-30 03:00:00
A000121,C00086,LOAN,ACTIVE,CAD,2024-12-15,,24729.22,B016,2026-09-30 19:00:00
A000122,C00046,LOAN,SUSPENDED,CAD,2025-01-03,,55380.7,B019,2026-10-01 04:00:00
A000123,C00084,LOAN,CLOSED,CAD,2022-01-23,,59154.12,B004,2026-10-01 10:00:00
A000124,C00152,SAVINGS,ACTIVE,CAD,2022-07-25,,31929.78,B015,2026-09-30 22:00:00
A000125,C00178,CHEQUING,CLOSED,USD,2022-11-13,,34944.26,B008,2026-10-01 03:00:00
A000126,C00169,SAVINGS,SUSPENDED,USD,2022-03-20,,25159.27,B020,2026-09-29 22:00:00
A000127,C00150,LOAN,CLOSED,USD,2023-08-05,,3720.62,B018,2026-10-02 01:00:00
A000128,C00028,SAVINGS,ACTIVE,CAD,2025-09-16,,46759.99,B019,2026-09-30 08:00:00
A000129,C00085,LOAN,ACTIVE,CAD,2026-08-01,,8296.89,B017,2026-09-29 17:00:00
A000130,C00143,SAVINGS,ACTIVE,USD,2024-07-17,,26290.73,B012,2026-10-02 08:00:00
A000131,C00124,CHEQUING,ACTIVE,CAD,2024-04-23,,68643.8,B004,2026-10-01 17:00:00
A000132,C00090,CREDIT_CARD,SUSPENDED,CAD,2024-02-02,11966.01,57741.6,B004,2026-09-30 03:00:00
A000133,C00185,LOAN,ACTIVE,CAD,2026-04-07,,23219.54,B001,2026-09-30 16:00:00
A000134,C00166,CHEQUING,ACTIVE,CAD,2022-06-28,,14513.04,B018,2026-10-01 15:00:00
A000135,C00085,LOAN,ACTIVE,USD,2025-05-05,,60033.93,B006,2026-09-30 04:00:00
A000136,C00102,CHEQUING,SUSPENDED,CAD,2024-02-14,,42376.25,B001,2026-10-01 08:00:00
A000137,C00053,CREDIT_CARD,ACTIVE,CAD,2023-05-28,12315.86,3140.16,B007,2026-09-30 01:00:00
A000138,C00030,CREDIT_CARD,CLOSED,USD,2023-09-07,16939.42,72273.31,B020,2026-09-30 09:00:00
A000139,C00150,CHEQUING,ACTIVE,CAD,2024-09-01,,62641.42,B010,2026-10-02 01:00:00
A000140,C00173,SAVINGS,ACTIVE,CAD,2025-12-24,,14085.82,B006,2026-09-30 12:00:00
A000141,C00178,SAVINGS,SUSPENDED,USD,2024-04-18,,42714.07,B014,2026-10-01 12:00:00
A000142,C00125,SAVINGS,ACTIVE,CAD,2023-11-24,,18106.78,B011,2026-09-30 02:00:00
A000143,C00159,CHEQUING,ACTIVE,CAD,2026-08-03,,33768.71,B013,2026-09-29 12:00:00
A000144,C00130,LOAN,SUSPENDED,USD,2022-10-20,,37387.72,B016,2026-10-01 14:00:00
A000145,C00022,CHEQUING,ACTIVE,CAD,2025-01-01,,-2384.39,B018,2026-09-30 23:00:00
A000146,C00044,LOAN,ACTIVE,USD,2023-07-24,,38799.64,B009,2026-09-29 14:00:00
A000147,C00094,CHEQUING,SUSPENDED,USD,2023-07-31,,12483.35,B004,2026-10-01 04:00:00
A000148,C00077,CHEQUING,ACTIVE,USD,2025-03-02,,22886.16,B015,2026-10-01 20:00:00
A000149,C00061,SAVINGS,SUSPENDED,CAD,2021-10-24,,51860.32,B006,2026-10-01 18:00:00
A000150,C00053,SAVINGS,CLOSED,CAD,2023-06-12,,23065.24,B020,2026-09-29 15:00:00
A000151,C00044,CREDIT_CARD,ACTIVE,CAD,2025-01-07,7711.78,40818.85,B014,2026-10-02 04:00:00
A000152,C00071,SAVINGS,CLOSED,CAD,2025-03-29,,6699.48,B008,2026-09-30 09:00:00
A000153,C00126,SAVINGS,SUSPENDED,CAD,2023-02-14,,28138.01,B003,2026-10-02 00:00:00
A000154,C00104,CREDIT_CARD,CLOSED,CAD,2024-02-03,16639.11,71020.33,B003,2026-09-30 01:00:00
A000155,C00163,CREDIT_CARD,ACTIVE,CAD,2022-03-07,24362.57,37753.96,B007,2026-09-29 20:00:00
A000156,C00069,CREDIT_CARD,ACTIVE,CAD,2024-09-30,16322.84,38784.84,B016,2026-09-30 16:00:00
A000157,C00175,CHEQUING,SUSPENDED,CAD,2026-01-31,,45094.36,B001,2026-10-01 20:00:00
A000158,C00041,LOAN,SUSPENDED,USD,2026-08-21,,74396.03,B007,2026-10-01 19:00:00
A000159,C00167,CREDIT_CARD,CLOSED,CAD,2021-09-27,6866.8,69618.05,B012,2026-10-01 03:00:00
A000160,C00022,CREDIT_CARD,CLOSED,CAD,2026-05-08,19519.77,26707.33,B008,2026-09-30 05:00:00
A000161,C00168,CHEQUING,ACTIVE,CAD,2026-08-20,,12073.69,B005,2026-10-01 07:00:00
A000162,C00133,LOAN,ACTIVE,CAD,2026-08-06,,52474.19,B014,2026-10-01 19:00:00
A000163,C00123,CHEQUING,ACTIVE,CAD,2024-06-29,,2146.49,B004,2026-09-30 19:00:00
A000164,C00095,CREDIT_CARD,ACTIVE,CAD,2024-06-30,17831.52,56876.84,B005,2026-10-02 03:00:00
A000165,C00136,CHEQUING,ACTIVE,CAD,2024-03-04,,23095.02,B005,2026-09-30 07:00:00
A000166,C00158,LOAN,ACTIVE,CAD,2026-02-26,,67347.88,B004,2026-09-30 10:00:00
A000167,C00090,LOAN,CLOSED,CAD,2022-03-16,,11347.43,B003,2026-10-01 04:00:00
A000168,C00142,CREDIT_CARD,CLOSED,CAD,2021-11-20,9108.91,62765.6,B020,2026-09-29 18:00:00
A000169,C00049,LOAN,ACTIVE,CAD,2023-01-07,,5038.12,B016,2026-09-30 10:00:00
A000170,C00029,SAVINGS,ACTIVE,USD,2023-01-24,,42514.38,B012,2026-09-30 19:00:00
A000171,C00034,LOAN,ACTIVE,USD,2024-08-04,,41430.36,B016,2026-10-02 02:00:00
A000172,C00005,CHEQUING,ACTIVE,CAD,2025-03-04,,12259.44,B013,2026-09-29 19:00:00
A000173,C00074,LOAN,ACTIVE,USD,2022-09-15,,30768.53,B009,2026-10-02 01:00:00
A000174,C00080,CHEQUING,CLOSED,CAD,2022-02-10,,7430.17,B013,2026-10-02 03:00:00
A000175,C00080,LOAN,SUSPENDED,CAD,2026-04-26,,19091.5,B004,2026-09-30 01:00:00
A000176,C00157,CHEQUING,ACTIVE,CAD,2022-11-27,,54335.48,B004,2026-10-02 10:00:00
A000177,C00182,SAVINGS,CLOSED,CAD,2025-09-21,,34713.03,B017,2026-09-29 17:00:00
A000178,C00185,CREDIT_CARD,CLOSED,CAD,2024-07-22,19658.72,5154.45,B004,2026-10-02 08:00:00
A000179,C00086,LOAN,ACTIVE,CAD,2023-09-15,,5726.53,B016,2026-09-30 01:00:00
A000180,C00131,CREDIT_CARD,ACTIVE,CAD,2023-11-03,12353.76,63748.78,B009,2026-10-01 22:00:00
A000181,C00147,CHEQUING,ACTIVE,CAD,2022-06-27,,35705.99,B001,2026-10-01 04:00:00
A000182,C00012,LOAN,ACTIVE,CAD,2024-06-29,,69096.76,B002,2026-09-29 13:00:00
A000183,C00183,LOAN,CLOSED,CAD,2024-11-01,,19371.48,B009,2026-10-02 02:00:00
A000184,C00147,CREDIT_CARD,ACTIVE,CAD,2023-10-29,8586.89,48866.06,B017,2026-10-02 06:00:00
A000185,C00103,CHEQUING,CLOSED,USD,2021-10-14,,17584.55,B011,2026-10-02 00:00:00
A000186,C00142,LOAN,CLOSED,CAD,2024-07-28,,15849.67,B020,2026-10-01 04:00:00
A000187,C00119,CREDIT_CARD,ACTIVE,USD,2022-04-23,8011.33,57070.88,B014,2026-10-02 08:00:00
A000188,C00060,CREDIT_CARD,SUSPENDED,CAD,2024-10-05,21980.12,-4883.04,B010,2026-10-01 22:00:00
A000189,C00053,SAVINGS,ACTIVE,USD,2023-11-19,,71894.8,B009,2026-10-02 00:00:00
A000190,C00012,SAVINGS,SUSPENDED,USD,2022-09-17,,66646.24,B003,2026-10-01 23:00:00
A000191,C00130,SAVINGS,ACTIVE,USD,2026-03-22,,42351.66,B014,2026-10-01 19:00:00
A000192,C00061,CREDIT_CARD,SUSPENDED,CAD,2021-11-14,19014.51,20200.71,B011,2026-09-30 19:00:00
A000193,C00116,CREDIT_CARD,ACTIVE,CAD,2026-03-23,20598.74,70484.37,B019,2026-10-01 22:00:00
A000194,C00040,CHEQUING,SUSPENDED,CAD,2024-02-14,,32284.41,B004,2026-09-29 15:00:00
A000195,C00092,SAVINGS,ACTIVE,USD,2024-11-29,,32067.73,B003,2026-10-01 15:00:00
A000196,C00176,CREDIT_CARD,CLOSED,CAD,2025-06-08,7966.48,61873.98,B008,2026-09-30 14:00:00
A000197,C00102,CHEQUING,ACTIVE,CAD,2025-03-08,,60607.17,B001,2026-09-30 08:00:00
A000198,C00116,SAVINGS,ACTIVE,CAD,2024-01-19,,3152.59,B004,2026-10-02 10:00:00
A000199,C00016,SAVINGS,CLOSED,CAD,2025-07-13,,60893.87,B003,2026-10-01 02:00:00
A000200,C00020,CHEQUING,SUSPENDED,CAD,2025-07-14,,67199.69,B005,2026-10-02 00:00:00
A000201,C00085,CHEQUING,SUSPENDED,CAD,2024-01-21,,-948.98,B013,2026-09-29 20:00:00
A000202,C00008,LOAN,ACTIVE,USD,2025-09-03,,27191.8,B009,2026-10-01 00:00:00
A000203,C00115,SAVINGS,ACTIVE,CAD,2023-03-14,,44534.12,B010,2026-09-29 20:00:00
A000204,C00106,LOAN,ACTIVE,CAD,2026-02-24,,21703.42,B014,2026-10-01 10:00:00
A000205,C00165,SAVINGS,CLOSED,CAD,2024-06-30,,57553.26,B016,2026-09-29 14:00:00
A000206,C00125,CREDIT_CARD,ACTIVE,CAD,2024-06-18,11377.55,16634.85,B008,2026-10-02 08:00:00
A000207,C00072,CHEQUING,ACTIVE,USD,2023-09-03,,23594.63,B006,2026-10-01 23:00:00
A000208,C00064,SAVINGS,ACTIVE,CAD,2023-08-26,,60302.81,B008,2026-09-30 10:00:00
A000209,C00091,SAVINGS,CLOSED,CAD,2025-04-25,,42401.56,B019,2026-10-02 08:00:00
A000210,C00181,CREDIT_CARD,SUSPENDED,CAD,2023-06-26,15842.49,70869.48,B006,2026-09-29 21:00:00
A000211,C00010,CHEQUING,ACTIVE,CAD,2025-05-03,,43133.02,B017,2026-09-29 22:00:00
A000212,C00001,CREDIT_CARD,ACTIVE,CAD,2022-02-13,23375.62,5439.16,B011,2026-10-02 04:00:00
A000213,C00006,SAVINGS,CLOSED,CAD,2022-04-20,,3873.65,B003,2026-09-30 12:00:00
A000214,C00181,LOAN,ACTIVE,CAD,2024-10-02,,23330.62,B006,2026-09-30 04:00:00
A000215,C00164,LOAN,CLOSED,CAD,2025-08-31,,53331.54,B008,2026-10-01 13:00:00
A000216,C00097,CREDIT_CARD,ACTIVE,CAD,2025-12-05,23975.76,9216.66,B019,2026-09-30 09:00:00
A000217,C00146,CHEQUING,ACTIVE,CAD,2023-04-07,,20457.35,B019,2026-10-01 22:00:00
A000218,C00128,SAVINGS,CLOSED,CAD,2022-06-18,,1224.53,B011,2026-10-01 14:00:00
A000219,C00163,CHEQUING,ACTIVE,CAD,2024-02-20,,-4088.35,B008,2026-10-02 03:00:00
A000220,C00090,CREDIT_CARD,SUSPENDED,CAD,2022-08-08,13764.4,-4897.51,B014,2026-10-01 14:00:00
A000221,C00106,LOAN,ACTIVE,USD,2024-09-02,,41405.77,B016,2026-10-01 07:00:00
A000222,C00042,LOAN,CLOSED,CAD,2022-02-28,,63586.42,B001,2026-09-30 19:00:00
A000223,C00067,CHEQUING,SUSPENDED,CAD,2024-09-21,,8608.42,B006,2026-10-02 02:00:00
A000224,C00141,CHEQUING,SUSPENDED,CAD,2023-04-24,,73822.09,B001,2026-09-30 04:00:00
A000225,C00168,SAVINGS,CLOSED,USD,2025-10-05,,-715.54,B007,2026-10-01 11:00:00
A000226,C00105,CREDIT_CARD,ACTIVE,CAD,2024-12-21,12858.04,14003.86,B018,2026-09-29 21:00:00
A000227,C00040,CHEQUING,CLOSED,CAD,2026-08-15,,29208.48,B020,2026-09-29 22:00:00
A000228,C00052,CHEQUING,CLOSED,CAD,2025-06-25,,8666.58,B003,2026-09-29 23:00:00
A000229,C00030,CREDIT_CARD,CLOSED,USD,2024-01-01,6822.74,34127.74,B018,2026-09-30 10:00:00
A000230,C00048,CREDIT_CARD,ACTIVE,USD,2024-07-27,10265.92,9926.64,B015,2026-10-01 02:00:00
A000231,C00058,CREDIT_CARD,ACTIVE,CAD,2025-10-17,6714.15,55178.81,B012,2026-09-29 14:00:00
A000232,C00106,SAVINGS,SUSPENDED,CAD,2021-12-05,,25968.49,B018,2026-09-29 23:00:00
A000233,C00147,SAVINGS,ACTIVE,USD,2024-12-18,,1316.4,B017,2026-09-29 17:00:00
A000234,C00147,SAVINGS,ACTIVE,CAD,2022-05-25,,30923.18,B007,2026-10-01 11:00:00
A000235,C00033,CHEQUING,SUSPENDED,USD,2026-03-15,,74062.39,B007,2026-10-01 17:00:00
A000236,C00153,CREDIT_CARD,ACTIVE,CAD,2022-07-25,6740.55,68133.91,B018,2026-09-30 09:00:00
A000237,C00142,CREDIT_CARD,ACTIVE,CAD,2023-09-23,20731.01,31652.57,B020,2026-09-29 17:00:00
A000238,C00108,CHEQUING,ACTIVE,USD,2025-10-20,,6855.98,B004,2026-10-01 23:00:00
A000239,C00074,CREDIT_CARD,SUSPENDED,USD,2025-02-28,16440.46,25643.48,B016,2026-10-02 07:00:00
A000240,C00045,CREDIT_CARD,SUSPENDED,USD,2025-11-01,5775.65,44459.56,B011,2026-10-01 05:00:00
A000241,C00013,LOAN,CLOSED,CAD,2024-07-21,,2497.23,B010,2026-10-01 00:00:00
A000242,C00126,CHEQUING,SUSPENDED,CAD,2025-11-20,,19038.44,B011,2026-10-01 01:00:00
A000243,C00187,LOAN,SUSPENDED,CAD,2025-08-03,,33687.03,B016,2026-09-29 17:00:00
A000244,C00096,CHEQUING,SUSPENDED,CAD,2026-04-10,,19889.85,B005,2026-09-29 16:00:00
A000245,C00146,CHEQUING,ACTIVE,CAD,2025-07-24,,65014.44,B002,2026-10-01 04:00:00
A000246,C00009,LOAN,CLOSED,CAD,2024-08-14,,53142.91,B012,2026-09-30 00:00:00
A000247,C00130,LOAN,CLOSED,CAD,2022-10-27,,3261.68,B016,2026-09-30 02:00:00
A000248,C00046,LOAN,CLOSED,CAD,2024-09-16,,13100.01,B003,2026-09-30 23:00:00
A000249,C00008,LOAN,ACTIVE,CAD,2025-09-23,,64182.78,B008,2026-10-01 07:00:00
A000250,C99999,SAVINGS,ACTIVE,CAD,2022-12-27,,27760.58,B001,2026-09-29 23:00:00
A000251,C00034,SAVINGS,CLOSED,CAD,2025-05-21,,15191.24,B009,2026-09-30 05:00:00
A000252,C00097,CREDIT_CARD,CLOSED,USD,2025-03-24,18543.92,12456.72,B020,2026-09-30 09:00:00
A000253,C00150,CHEQUING,CLOSED,CAD,2023-10-10,,74954.35,B018,2026-09-30 23:00:00
A000254,C00077,CHEQUING,CLOSED,USD,2026-04-14,,21902.69,B011,2026-10-01 00:00:00
A000255,C00067,CREDIT_CARD,ACTIVE,CAD,2025-10-19,22993.74,36383.49,B020,2026-09-30 08:00:00
A000256,C00170,CREDIT_CARD,SUSPENDED,CAD,2022-08-06,24949.38,-2963.58,B009,2026-09-30 06:00:00
A000257,C00104,LOAN,ACTIVE,CAD,2023-05-16,,53397.1,B011,2026-10-01 07:00:00
A000258,C00176,LOAN,ACTIVE,CAD,2023-10-19,,23214.42,B018,2026-10-01 12:00:00
A000259,C00076,CHEQUING,ACTIVE,USD,2025-12-03,,54273.51,B011,2026-10-02 00:00:00
A000260,C00057,CREDIT_CARD,SUSPENDED,CAD,2022-06-20,20761.81,64714.58,B011,2026-09-30 12:00:00
A000261,C00067,CREDIT_CARD,ACTIVE,USD,2021-11-13,22327.87,4422.52,B019,2026-10-02 02:00:00
A000262,C00121,SAVINGS,CLOSED,CAD,2021-10-11,,49455.82,B014,2026-10-02 05:00:00
A000263,C00039,SAVINGS,SUSPENDED,CAD,2024-09-20,,27735.35,B005,2026-09-30 19:00:00
A000264,C00184,SAVINGS,ACTIVE,CAD,2023-11-28,,21610.36,B011,2026-10-02 04:00:00
A000265,C00002,LOAN,ACTIVE,CAD,2025-06-20,,57328.3,B019,2026-10-01 15:00:00
A000266,C00126,CHEQUING,SUSPENDED,CAD,2023-03-13,,29696.91,B013,2026-09-30 05:00:00
A000267,C00123,LOAN,CLOSED,CAD,2026-06-06,,40499.91,B001,2026-09-30 18:00:00
A000268,C00136,SAVINGS,ACTIVE,CAD,2022-11-06,,-4670.09,B008,2026-09-30 15:00:00
A000269,C00080,SAVINGS,CLOSED,CAD,2024-06-28,,35266.92,B006,2026-10-02 03:00:00
A000270,C00012,CREDIT_CARD,CLOSED,CAD,2024-02-01,13673.3,53226.55,B005,2026-09-30 16:00:00
A000271,C00126,CREDIT_CARD,SUSPENDED,CAD,2025-09-19,5382.49,70846.75,B008,2026-10-01 19:00:00
A000272,C00055,CHEQUING,ACTIVE,CAD,2025-12-13,,24327.32,B013,2026-10-01 03:00:00
A000273,C00137,CHEQUING,ACTIVE,CAD,2022-12-06,,3649.08,B002,2026-10-01 21:00:00
A000274,C00107,LOAN,SUSPENDED,USD,2025-12-12,,41498.9,B005,2026-10-01 09:00:00
A000275,C00178,CHEQUING,CLOSED,CAD,2024-04-13,,47933.17,B020,2026-10-01 18:00:00
A000276,C00108,CHEQUING,ACTIVE,CAD,2025-01-21,,4121.0,B016,2026-10-01 10:00:00
A000277,C00156,SAVINGS,ACTIVE,CAD,2021-12-24,,36851.69,B012,2026-09-30 07:00:00
A000278,C00076,SAVINGS,ACTIVE,CAD,2023-07-27,,34708.38,B016,2026-09-30 17:00:00
A000279,C00061,CHEQUING,ACTIVE,CAD,2022-11-16,,2120.23,B019,2026-09-29 20:00:00
A000280,C00039,CHEQUING,CLOSED,CAD,2022-08-02,,52886.1,B008,2026-09-30 01:00:00
A000281,C00076,CREDIT_CARD,ACTIVE,USD,2026-05-12,22482.81,2984.71,B010,2026-09-30 13:00:00
A000282,C00174,CREDIT_CARD,ACTIVE,USD,2022-07-02,5193.45,4272.08,B005,2026-10-01 14:00:00
A000283,C00085,CREDIT_CARD,ACTIVE,USD,2023-02-26,12452.44,16464.75,B011,2026-10-01 12:00:00
A000284,C00030,LOAN,SUSPENDED,USD,2024-01-31,,21115.65,B016,2026-09-30 06:00:00
A000285,C00167,SAVINGS,ACTIVE,CAD,2025-11-24,,50693.59,B006,2026-10-01 22:00:00
A000286,C00107,LOAN,CLOSED,USD,2025-08-16,,46237.91,B020,2026-10-02 08:00:00
A000287,C00176,SAVINGS,SUSPENDED,USD,2023-11-27,,4035.0,B015,2026-10-02 06:00:00
A000288,C00017,CREDIT_CARD,ACTIVE,CAD,2026-07-28,24557.91,51365.45,B011,2026-09-29 17:00:00
A000289,C00134,CHEQUING,SUSPENDED,USD,2022-12-06,,53132.16,B012,2026-09-30 10:00:00
A000290,C00039,CHEQUING,SUSPENDED,CAD,2023-01-13,,69749.71,B016,2026-10-01 14:00:00
A000291,C00020,LOAN,CLOSED,CAD,2025-04-16,,25486.22,B002,2026-09-24 09:00:00
A000292,C00058,LOAN,SUSPENDED,USD,2022-01-22,,18390.0,B015,2026-09-30 02:00:00
A000293,C00023,LOAN,SUSPENDED,USD,2024-11-13,,9784.31,B001,2026-10-01 22:00:00
A000294,C00104,LOAN,ACTIVE,CAD,2023-07-08,,41633.31,B020,2026-09-30 21:00:00
A000295,C00131,SAVINGS,ACTIVE,USD,2024-09-23,,24067.4,B008,2026-09-30 01:00:00
A000296,C00085,LOAN,ACTIVE,CAD,2022-08-17,,34487.4,B008,2026-10-02 11:00:00
A000297,C00088,CREDIT_CARD,ACTIVE,CAD,2023-07-28,5915.56,36758.81,B006,2026-09-29 20:00:00
A000298,C00036,LOAN,ACTIVE,CAD,2025-03-20,,46203.03,B004,2026-09-30 09:00:00
A000299,C00056,LOAN,SUSPENDED,CAD,2022-08-16,,26007.08,B002,2026-10-01 20:00:00
A000300,C00116,LOAN,ACTIVE,CAD,2023-11-05,,1320.98,B018,2026-09-30 04:00:00
A000301,C00150,LOAN,ACTIVE,CAD,2022-10-06,,43813.02,B004,2026-09-30 10:00:00
A000302,C00169,CREDIT_CARD,ACTIVE,USD,2024-04-17,10471.92,73360.06,B011,2026-09-30 22:00:00
A000303,C00116,SAVINGS,CLOSED,CAD,2024-04-29,,43201.96,B018,2026-09-30 19:00:00
A000304,C00183,SAVINGS,CLOSED,CAD,2025-06-19,,44933.41,B012,2026-10-01 19:00:00
A000305,C00182,SAVINGS,CLOSED,CAD,2022-08-29,,4232.42,B018,2026-09-29 22:00:00
A000306,C00150,LOAN,ACTIVE,CAD,2021-11-21,,32256.59,B017,2026-10-01 22:00:00
A000307,C00007,LOAN,ACTIVE,CAD,2026-05-06,,50598.81,B009,2026-10-01 15:00:00
A000308,C00074,CREDIT_CARD,CLOSED,CAD,2021-12-07,9080.02,-37.37,B018,2026-10-02 07:00:00
A000309,C00092,LOAN,ACTIVE,CAD,2023-03-10,,65234.62,B018,2026-09-30 10:00:00
A000310,C00061,CREDIT_CARD,CLOSED,CAD,2024-07-02,24316.66,26004.37,B002,2026-10-02 10:00:00
A000311,C00065,SAVINGS,CLOSED,USD,2021-12-27,,13043.88,B019,2026-09-29 14:00:00
A000312,C00190,SAVINGS,ACTIVE,CAD,2024-12-28,,30905.19,B006,2026-10-01 13:00:00
A000313,C00189,CHEQUING,CLOSED,USD,2026-05-31,,29280.63,B005,2026-10-01 15:00:00
A000314,C00150,CREDIT_CARD,ACTIVE,CAD,2024-10-15,5798.81,32306.51,B011,2026-10-02 05:00:00
A000315,C00161,CREDIT_CARD,CLOSED,USD,2022-03-19,6457.62,40814.16,B011,2026-09-29 16:00:00
A000316,C00057,SAVINGS,SUSPENDED,CAD,2022-03-26,,35411.23,B018,2026-09-29 15:00:00
A000317,C00104,CHEQUING,CLOSED,CAD,2025-05-26,,65671.74,B011,2026-09-30 13:00:00
A000318,C00076,SAVINGS,ACTIVE,USD,2023-06-30,,60895.07,B004,2026-09-30 15:00:00
A000319,C00115,SAVINGS,CLOSED,CAD,2026-06-02,,49604.11,B013,2026-10-01 21:00:00
A000320,C00099,CREDIT_CARD,CLOSED,CAD,2026-07-03,15286.18,67906.87,B999,2026-09-30 02:00:00
A000321,C00125,CHEQUING,ACTIVE,CAD,2022-12-27,,10400.99,B004,2026-10-01 14:00:00
A000322,C00138,CHEQUING,ACTIVE,CAD,2025-06-17,,48626.81,B014,2026-10-01 22:00:00
A000323,C00053,LOAN,ACTIVE,CAD,2022-06-15,,51767.22,B015,2026-09-30 17:00:00
A000324,C00010,CHEQUING,CLOSED,CAD,2026-05-03,,9239.37,B018,2026-10-02 02:00:00
A000325,C00148,SAVINGS,SUSPENDED,CAD,2024-05-10,,26042.61,B014,2026-09-30 19:00:00
A000326,C00005,LOAN,ACTIVE,CAD,2023-08-23,,1436.52,B019,2026-10-02 06:00:00
A000327,C00180,CHEQUING,CLOSED,CAD,2023-10-28,,3490.84,B020,2026-10-02 00:00:00
A000328,C00073,LOAN,ACTIVE,USD,2024-06-04,,61837.06,B016,2026-10-01 15:00:00
A000329,C00137,SAVINGS,CLOSED,CAD,2022-06-15,,26279.41,B005,2026-09-30 21:00:00
A000330,C00174,CREDIT_CARD,ACTIVE,CAD,2023-07-16,7464.7,64981.35,B001,2026-09-30 09:00:00
A000331,C00138,CHEQUING,CLOSED,CAD,2025-06-18,,54863.73,B007,2026-09-30 07:00:00
A000332,C00166,SAVINGS,CLOSED,CAD,2025-08-11,,12663.04,B007,2026-10-01 21:00:00
A000333,C00047,CHEQUING,CLOSED,USD,2023-01-10,,38973.17,B003,2026-10-01 03:00:00
A000334,C00026,SAVINGS,ACTIVE,USD,2024-10-14,,23571.07,B004,2026-09-30 23:00:00
A000335,C00159,CHEQUING,CLOSED,CAD,2024-11-10,,33868.9,B020,2026-09-30 20:00:00
A000336,C00178,SAVINGS,SUSPENDED,CAD,2022-02-10,,20306.65,B006,2026-10-02 11:00:00
A000337,C00081,SAVINGS,SUSPENDED,CAD,2022-08-25,,54185.3,B009,2026-09-30 13:00:00
A000338,C00035,CREDIT_CARD,CLOSED,USD,2024-01-18,14739.43,30628.64,B004,2026-10-01 13:00:00
A000339,C00166,CHEQUING,ACTIVE,CAD,2021-10-29,,61115.49,B009,2026-10-02 02:00:00
A000340,C00187,CHEQUING,ACTIVE,CAD,2021-11-17,,35574.26,B019,2026-09-30 08:00:00
A000341,C00152,SAVINGS,SUSPENDED,CAD,2023-07-20,,15849.31,B005,2026-09-30 13:00:00
A000342,C00101,SAVINGS,ACTIVE,CAD,2025-11-21,,32176.09,B013,2026-09-30 13:00:00
A000343,C00129,CHEQUING,ACTIVE,CAD,2021-11-20,,72120.02,B017,2026-10-01 18:00:00
A000344,C00115,SAVINGS,ACTIVE,CAD,2023-06-20,,70896.95,B016,2026-09-30 14:00:00
A000345,C00011,SAVINGS,CLOSED,USD,2025-05-05,,28.89,B008,2026-10-02 06:00:00
A000346,C00172,SAVINGS,SUSPENDED,CAD,2024-06-19,,32573.94,B002,2026-10-02 06:00:00
A000347,C00167,CREDIT_CARD,CLOSED,CAD,2022-09-11,21697.45,72475.31,B009,2026-09-29 14:00:00
A000348,C00146,SAVINGS,ACTIVE,USD,2022-12-23,,25281.48,B017,2026-10-01 03:00:00
A000349,C00097,SAVINGS,CLOSED,USD,2024-08-30,,60378.94,B016,2026-09-29 22:00:00
A000350,C00155,CHEQUING,ACTIVE,CAD,2024-03-05,,8248.47,B017,2026-10-01 00:00:00
A000351,C00055,SAVINGS,ACTIVE,CAD,2025-10-04,,23977.84,B008,2026-09-30 06:00:00
A000352,C00085,CHEQUING,ACTIVE,USD,2022-11-09,,33305.17,B019,2026-10-01 15:00:00
A000353,C00166,LOAN,ACTIVE,CAD,2025-04-10,,4192.68,B005,2026-09-29 18:00:00
A000354,C00011,SAVINGS,ACTIVE,CAD,2025-09-16,,15660.77,B017,2026-09-30 08:00:00
A000355,C00154,CHEQUING,SUSPENDED,CAD,2026-02-28,,12327.47,B016,2026-10-01 14:00:00
A000356,C00057,LOAN,ACTIVE,CAD,2022-03-09,,44115.81,B020,2026-09-29 18:00:00
A000357,C00068,SAVINGS,ACTIVE,CAD,2024-02-06,,42722.67,B008,2026-09-30 11:00:00
A000358,C00099,SAVINGS,SUSPENDED,CAD,2026-07-20,,11187.88,B005,2026-10-01 23:00:00
A000359,C00046,LOAN,ACTIVE,CAD,2022-03-31,,40325.82,B003,2026-09-29 22:00:00
A000360,C00169,SAVINGS,SUSPENDED,CAD,2022-04-19,,49284.75,B017,2026-09-30 06:00:00
A000361,C00095,CHEQUING,SUSPENDED,USD,2025-05-10,,70073.73,B013,2026-09-30 15:00:00
A000362,C00150,CHEQUING,ACTIVE,USD,2025-11-21,,15361.44,B003,2026-09-30 23:00:00
A000363,C00154,LOAN,ACTIVE,CAD,2025-07-31,,1404.74,B019,2026-09-29 17:00:00
A000364,C00031,CHEQUING,CLOSED,USD,2022-12-21,,11433.5,B014,2026-09-30 13:00:00
A000365,C00028,SAVINGS,CLOSED,USD,2022-12-27,,41829.61,B018,2026-09-30 05:00:00
A000366,C00145,CREDIT_CARD,ACTIVE,CAD,2022-10-29,13264.56,26796.33,B018,2026-09-29 22:00:00
A000367,C00046,CREDIT_CARD,CLOSED,USD,2025-03-21,20483.89,74080.66,B013,2026-10-01 18:00:00
A000368,C00169,CHEQUING,ACTIVE,CAD,2024-02-20,,57648.74,B004,2026-10-01 08:00:00
A000369,C00131,LOAN,ACTIVE,CAD,2022-02-24,,41742.64,B006,2026-09-30 10:00:00
A000370,C00163,CHEQUING,SUSPENDED,CAD,2022-01-09,,6626.27,B003,2026-10-02 03:00:00
A000371,C00068,SAVINGS,SUSPENDED,CAD,2026-03-12,,43722.31,B013,2026-09-29 17:00:00
A000372,C00074,CHEQUING,ACTIVE,CAD,2023-01-19,,34549.47,B007,2026-09-29 17:00:00
A000373,C00074,SAVINGS,ACTIVE,CAD,2022-03-31,,42961.19,B020,2026-10-01 14:00:00
A000374,C00173,CHEQUING,ACTIVE,CAD,2025-04-20,,47401.53,B003,2026-10-01 00:00:00
A000375,C00103,CREDIT_CARD,ACTIVE,USD,2024-05-14,19738.51,41886.41,B003,2026-10-02 00:00:00
A000376,C00141,CREDIT_CARD,CLOSED,CAD,2024-09-10,9525.91,72063.01,B007,2026-09-30 01:00:00
A000377,C00104,CHEQUING,ACTIVE,CAD,2025-08-29,,27570.77,B018,2026-10-02 02:00:00
A000378,C00129,CREDIT_CARD,CLOSED,CAD,2025-12-26,22522.26,59235.38,B019,2026-10-01 03:00:00
A000379,C00178,LOAN,ACTIVE,USD,2023-06-26,,36788.61,B011,2026-09-30 01:00:00
A000380,C00175,LOAN,ACTIVE,CAD,2023-12-09,,9603.85,B013,2026-10-01 07:00:00
A000381,C00174,SAVINGS,ACTIVE,CAD,2024-04-30,,71435.65,B009,2026-10-01 04:00:00
A000382,C00074,CHEQUING,CLOSED,USD,2022-11-12,,54903.05,B003,2026-09-29 13:00:00
A000383,C00046,LOAN,CLOSED,CAD,2024-08-28,,17173.89,B006,2026-10-01 11:00:00
A000384,C00128,SAVINGS,CLOSED,CAD,2022-07-08,,14364.52,B007,2026-10-01 06:00:00
A000385,C00052,SAVINGS,ACTIVE,CAD,2025-10-07,,57315.08,B003,2026-09-29 20:00:00
A000386,C00158,CHEQUING,CLOSED,CAD,2021-11-20,,33583.37,B016,2026-10-01 00:00:00
A000387,C00126,SAVINGS,ACTIVE,CAD,2024-05-30,,12767.42,B002,2026-09-29 16:00:00
A000388,C00109,LOAN,ACTIVE,CAD,2023-10-28,,26699.38,B015,2026-10-01 20:00:00
A000389,C00179,LOAN,ACTIVE,CAD,2022-10-11,,1622.98,B013,2026-10-01 23:00:00
A000390,C00084,CREDIT_CARD,ACTIVE,CAD,2025-08-04,10388.16,38885.07,B020,2026-09-30 16:00:00
A000391,C00094,SAVINGS,CLOSED,USD,2024-04-06,,11842.6,B012,2026-09-30 08:00:00
A000392,C00072,LOAN,ACTIVE,CAD,2023-06-09,,10704.3,B004,2026-10-01 01:00:00
A000393,C00061,LOAN,ACTIVE,USD,2025-07-17,,11792.44,B016,2026-10-02 10:00:00
A000394,C00046,LOAN,CLOSED,USD,2025-11-20,,74671.57,B016,2026-09-30 21:00:00
A000395,C00065,CHEQUING,ACTIVE,USD,2026-02-01,,50243.45,B007,2026-10-01 03:00:00
A000396,C00122,CHEQUING,CLOSED,USD,2022-06-20,,21772.52,B012,2026-09-29 12:00:00
A000397,C00143,CREDIT_CARD,CLOSED,CAD,2026-07-13,22347.37,27940.87,B020,2026-10-01 10:00:00
A000398,C00148,SAVINGS,SUSPENDED,CAD,2024-08-25,,21007.22,B015,2026-10-02 01:00:00
A000399,C00098,CREDIT_CARD,ACTIVE,USD,2023-02-06,17811.61,71527.55,B011,2026-09-30 06:00:00
A000400,C00162,LOAN,ACTIVE,CAD,2026-03-13,,12987.96,B011,2026-09-30 19:00:00
