branch_id,branch_name,province,postal_code
B001,Edmonton Branch 01,AB,T2B1C1D
B002,Edmonton Branch 02,AB,T3C2D2E
B003,Edmonton Branch 03,AB,T4D3E3F
B004,Edmonton Branch 04,AB,T5E4F4G
B005,Edmonton Branch 05,AB,T6F5G5H
B006,Edmonton Branch 06,AB,T7G6H6I
B007,Edmonton Branch 07,AB,T8H7I7J
B008,Edmonton Branch 08,AB,T9I8J8K
B009,Edmonton Branch 09,AB,T1J9K9L
B010,Edmonton Branch 10,AB,T2K0L0M
B011,Edmonton Branch 11,AB,T3L1M1N
B012,Edmonton Branch 12,AB,T4M2N2O
B013,Edmonton Branch 13,AB,T5N3O3P
B014,Edmonton Branch 14,AB,T6O4P4Q
B015,Edmonton Branch 15,AB,T7P5Q5R
B016,Edmonton Branch 16,AB,T8Q6R6S
B017,Edmonton Branch 17,AB,T9R7S7T
B018,Edmonton Branch 18,AB,T1S8T8U
B019,Edmonton Branch 19,AB,T2T9U9V
B020,Edmonton Branch 20,AB,T3U0V0W
