customer_id,first_name,last_name,date_of_birth,customer_type,country,postal_code,phone_number,email,customer_status,created_date,last_updated
C00001,Mason,Walker,1954-01-24,INDIVIDUAL,CA,T2B1C1D,780-555-0001,customer00001@examplebank.ca,ACTIVE,2022-10-17,2026-10-01 18:00:00
C00002,Aisha,Wilson,1951-10-14,INDIVIDUAL,CA,T3C2D2E,780-555-0002,customer00002@examplebank.ca,ACTIVE,2023-10-03,2026-10-02 09:00:00
C00003,Evelyn,Adams,1943-09-07,INDIVIDUAL,CA,T4D3E3F,780-555-0003,customer00003@examplebank.ca,INACTIVE,2023-04-14,2026-09-30 14:00:00
C00004,Olivia,Adams,1975-01-25,BUSINESS,CA,T5E4F4G,780-555-0004,customer00004@examplebank.ca,ACTIVE,2025-09-18,2026-09-30 08:00:00
C00005,Lucas,Taylor,1967-06-04,BUSINESS,CA,T6F5G5H,780-555-0005,customer00005@examplebank.ca,ACTIVE,2023-03-15,2026-10-02 06:00:00
C00006,Evelyn,Taylor,1973-01-24,BUSINESS,CA,T7G6H6I,780-555-0006,customer00006@examplebank.ca,ACTIVE,2023-06-29,2026-10-01 06:00:00
C00007,Amelia,Roberts,1977-11-20,INDIVIDUAL,CA,,780-555-0007,customer00007@examplebank.ca,ACTIVE,2026-05-01,2026-09-30 03:00:00
C00008,Mason,Taylor,1969-05-03,BUSINESS,CA,T9I8J8K,780-555-0008,customer00008@examplebank.ca,ACTIVE,2024-01-17,2026-09-30 05:00:00
C00009,Sophia,Hall,1986-03-12,INDIVIDUAL,CA,T1J9K9L,780-555-0009,customer00009@examplebank.ca,ACTIVE,2023-08-05,2026-10-01 13:00:00
C00010,Ethan,Mitchell,1971-03-15,INDIVIDUAL,CA,T2K0L0M,780-555-0010,customer00010@examplebank.ca,ACTIVE,2021-11-10,2026-10-01 11:00:00
C00011,James,Green,1947-04-27,BUSINESS,CA,T3L1M1N,780-555-0011,customer00011@examplebank.ca,ACTIVE,2025-05-27,2026-10-02 09:00:00
C00012,Lucas,Baker,1980-04-21,INDIVIDUAL,CA,T4M2N2O,780-555-0012,customer00012@examplebank.ca,ACTIVE,2025-10-21,2026-10-01 04:00:00
C00013,Ethan,Roberts,1971-12-18,BUSINESS,CA,T5N3O3P,780-555-0013,customer00013@examplebank.ca,INACTIVE,2024-07-22,2026-10-01 01:00:00
C00014,Emma,Brown,1968-03-17,INDIVIDUAL,CA,T6O4P4Q,780-555-0014,customer00014@examplebank.ca,ACTIVE,2023-01-25,2026-10-01 04:00:00
C00015,Emma,Green,1960-11-14,BUSINESS,CA,T7P5Q5R,780-555-0015,customer00015@examplebank.ca,INACTIVE,2023-08-15,2026-09-30 21:00:00
C00016,Liam,Mitchell,1972-09-28,BUSINESS,CA,T8Q6R6S,780-555-0016,customer00016@examplebank.ca,ACTIVE,2025-12-17,2026-10-02 11:00:00
C00017,Aisha,Hall,1977-07-06,INDIVIDUAL,CA,T9R7S7T,780-555-0017,customer00017@examplebank.ca,ACTIVE,2023-01-30,2026-10-01 06:00:00
C00018,Sophia,Martin,1978-11-17,BUSINESS,CA,T1S8T8U,780-555-0018,customer00018@examplebank.ca,ACTIVE,2023-07-25,2026-09-30 21:00:00
C00019,Aisha,Taylor,1940-10-11,BUSINESS,CA,T2T9U9V,780-555-0019,customer00019@examplebank.ca,ACTIVE,2025-03-30,2026-10-01 04:00:00
C00020,Emma,Nelson,1947-04-19,INDIVIDUAL,CA,T3U0V0W,780-555-0020,customer00020@examplebank.ca,ACTIVE,2025-11-13,2026-10-02 06:00:00
C00021,Henry,Campbell,2000-09-06,BUSINESS,CA,T4V1W1X,780-555-0021,customer00021@examplebank.ca,ACTIVE,2023-07-25,2026-10-01 19:00:00
C00022,Amelia,Baker,1965-12-10,BUSINESS,CA,T5W2X2Y,780-555-0022,customer00022@examplebank.ca,ACTIVE,2025-03-13,2026-10-01 10:00:00
C00023,Jack,Mitchell,1968-02-11,INDIVIDUAL,CA,T6X3Y3C,780-555-0023,customer00023@examplebank.ca,ACTIVE,2026-07-19,2026-10-02 10:00:00
C00024,Mason,Wilson,1949-12-21,INDIVIDUAL,CA,T7Y4B4D,780-555-0024,customer00024@examplebank.ca,ACTIVE,2026-03-10,2026-10-02 08:00:00
C00025,Sophia,Mitchell,1970-05-22,INDIVIDUAL,CA,T8Z5C5E,780-555-0025,customer00025@examplebank.ca,INACTIVE,2025-03-23,2026-10-01 04:00:00
C00026,Liam,Adams,2000-07-07,BUSINESS,CA,T9A6D6F,780-555-0026,customer00026@examplebank.ca,INACTIVE,2024-04-13,2026-10-02 05:00:00
C00027,Liam,Brown,1999-12-02,BUSINESS,CA,T1B7E7G,780-555-0027,customer00027@examplebank.ca,ACTIVE,2022-02-05,2026-09-30 16:00:00
C00028,Evelyn,Baker,1953-04-07,INDIVIDUAL,CA,,780-555-0028,customer00028@examplebank.ca,INACTIVE,2025-07-23,2026-10-01 23:00:00
C00029,Emma,Baker,1975-08-08,INDIVIDUAL,CA,T3D9G9I,780-555-0029,customer00029@examplebank.ca,ACTIVE,2022-12-06,2026-09-30 04:00:00
C00030,Mason,Clark,1941-02-25,BUSINESS,CA,T4E0H0J,780-555-0030,customer00030@examplebank.ca,INACTIVE,2023-11-21,2026-09-30 05:00:00
C00031,Lucas,Smith,1967-07-02,BUSINESS,CA,T5F1I1K,780-555-0031,customer00031@examplebank.ca,ACTIVE,2022-03-11,2026-10-02 01:00:00
C00032,Evelyn,Nelson,1998-05-14,INDIVIDUAL,CA,T6G2J2L,780-555-0032,customer00032@examplebank.ca,ACTIVE,2024-12-03,2026-09-30 15:00:00
C00033,Evelyn,Brown,1967-01-19,BUSINESS,CA,T7H3K3M,780-555-0033,customer00033@examplebank.ca,ACTIVE,2026-04-22,2026-09-30 12:00:00
C00034,Olivia,Brown,2001-09-28,INDIVIDUAL,CA,T8I4L4N,780-555-0034,customer00034@examplebank.ca,ACTIVE,2026-03-15,2026-10-01 02:00:00
C00035,Lucas,Taylor,1948-11-28,INDIVIDUAL,CA,T9J5M5O,780-555-0035,customer00035@examplebank.ca,ACTIVE,2023-02-11,2026-10-01 20:00:00
C00036,Jack,Carter,1950-07-22,BUSINESS,CA,T1K6N6P,780-555-0036,customer00036@examplebank.ca,ACTIVE,2025-06-10,2026-09-30 22:00:00
C00037,Noah,Young,1980-04-09,BUSINESS,CA,T2L7O7Q,780-555-0037,customer00037@examplebank.ca,ACTIVE,2022-05-16,2026-10-01 10:00:00
C00038,Jack,Taylor,1949-01-15,INDIVIDUAL,CA,T3M8P8R,780-555-0038,customer00038@examplebank.ca,ACTIVE,2023-10-01,2026-09-30 20:00:00
C00039,Emma,Walker,1973-03-12,BUSINESS,CA,T4N9Q9S,780-555-0039,customer00039@examplebank.ca,ACTIVE,2025-09-13,2026-09-30 03:00:00
C00040,Ella,Carter,1996-09-23,INDIVIDUAL,CA,T5O0R0T,780-555-0040,customer00040@examplebank.ca,ACTIVE,2022-11-13,2026-10-01 16:00:00
C00041,Liam,Mitchell,1953-03-09,INDIVIDUAL,CA,T6P1S1U,780-555-0041,customer00041@examplebank.ca,ACTIVE,2025-01-02,2026-10-02 04:00:00
C00042,Ethan,Carter,1966-12-11,BUSINESS,CA,T7Q2T2V,780-555-0042,customer00042@examplebank.ca,ACTIVE,2021-11-04,2026-10-01 22:00:00
C00043,Ethan,Brown,1946-02-21,INDIVIDUAL,CA,T8R3U3W,780-555-0043,customer00043@examplebank.ca,ACTIVE,2022-04-06,2026-10-01 08:00:00
C00044,Benjamin,Mitchell,1956-11-09,BUSINESS,CA,T9S4V4X,780-555-0044,customer00044@examplebank.ca,ACTIVE,2025-12-16,2026-10-02 01:00:00
C00045,Daniel,Wright,1949-12-05,INDIVIDUAL,CA,T1T5W5Y,780-555-0045,customer00045@examplebank.ca,INACTIVE,2025-11-14,2026-10-01 01:00:00
C00046,Daniel,Wright,1945-05-12,INDIVIDUAL,CA,T2U6X6C,780-555-0046,customer00046@examplebank.ca,ACTIVE,2022-11-06,2026-09-30 02:00:00
C00047,Charlotte,Campbell,1953-06-25,INDIVIDUAL,CA,T3V7Y7D,780-555-0047,customer00047@examplebank.ca,ACTIVE,2021-09-27,2026-10-01 00:00:00
C00048,Olivia,King,1960-03-14,BUSINESS,CA,T4W8B8E,780-555-0048,customer00048@examplebank.ca,ACTIVE,2025-02-02,2026-10-02 10:00:00
C00049,Daniel,Nelson,1960-12-04,INDIVIDUAL,CA,T5X9C9F,780-555-0049,customer00049@examplebank.ca,ACTIVE,2022-01-03,2026-10-01 11:00:00
C00050,Mason,Walker,1998-06-10,INDIVIDUAL,CA,T6Y0D0G,780-555-0050,customer00050@examplebank.ca,ACTIVE,2024-05-08,2026-09-30 07:00:00
C00051,Ethan,Wright,1982-05-28,BUSINESS,CA,T7Z1E1H,780-555-0051,customer00051@examplebank.ca,ACTIVE,2026-06-07,2026-10-02 07:00:00
C00052,Ethan,Brown,1954-05-06,INDIVIDUAL,CA,T8A2F2I,780-555-0052,customer00052@examplebank.ca,INACTIVE,2024-08-25,2026-09-30 22:00:00
C00053,Liam,Green,1980-07-20,INDIVIDUAL,CA,T9B3G3J,780-555-0053,customer00053@examplebank.ca,ACTIVE,2026-05-04,2026-10-01 03:00:00
C00054,Evelyn,Lewis,1995-01-17,BUSINESS,CA,T1C4H4K,780-555-0054,customer00054@examplebank.ca,INACTIVE,2026-03-12,2026-09-30 00:00:00
C00055,Liam,Young,1982-10-11,BUSINESS,CA,T2D5I5L,780-555-0055,customer00055@examplebank.ca,INACTIVE,2024-10-03,2026-09-30 17:00:00
C00056,Noah,Lewis,1991-12-10,BUSINESS,CA,T3E6J6M,780-555-0056,customer00056@examplebank.ca,INACTIVE,2022-10-15,2026-10-01 00:00:00
C00057,Lucas,Mitchell,1962-10-19,INDIVIDUAL,CA,T4F7K7N,780-555-0057,customer00057@examplebank.ca,ACTIVE,2024-12-23,2026-10-01 16:00:00
C00058,Ella,King,1966-07-26,BUSINESS,CA,T5G8L8O,780-555-0058,customer00058@examplebank.ca,INACTIVE,2024-02-09,2026-09-30 22:00:00
C00059,Olivia,Wilson,1967-09-16,BUSINESS,CA,T6H9M9P,780-555-0059,customer00059@examplebank.ca,ACTIVE,2026-01-23,2026-09-30 09:00:00
C00060,Sophia,Martin,1970-11-10,INDIVIDUAL,CA,T7I0N0Q,780-555-0060,customer00060@examplebank.ca,ACTIVE,2025-03-19,2026-10-01 21:00:00
C00061,Emma,Baker,2000-10-28,BUSINESS,CA,T8J1O1R,780-555-0061,customer00061@examplebank.ca,ACTIVE,2022-07-23,2026-09-30 10:00:00
C00062,Noah,Smith,1989-08-13,INDIVIDUAL,CA,T9K2P2S,780-555-0062,customer00062@examplebank.ca,ACTIV,2025-05-11,2026-10-01 20:00:00
C00063,Daniel,Mitchell,1962-12-17,INDIVIDUAL,CA,T1L3Q3T,780-555-0063,customer00063@examplebank.ca,ACTIVE,2024-01-11,2026-10-01 06:00:00
C00064,Evelyn,Campbell,1957-08-22,BUSINESS,CA,T2M4R4U,780-555-0064,customer00064@examplebank.ca,INACTIVE,2023-02-25,2026-10-01 02:00:00
C00065,Olivia,Nelson,1994-09-15,BUSINESS,CA,T3N5S5V,780-555-0065,customer00065@examplebank.ca,ACTIVE,2022-05-16,2026-09-30 02:00:00
C00066,Henry,Nelson,1971-11-09,INDIVIDUAL,CA,T4O6T6W,780-555-0066,customer00066@examplebank.ca,ACTIVE,2024-02-14,2026-09-30 10:00:00
C00067,Ethan,King,1949-12-10,BUSINESS,CA,T5P7U7X,780-555-0067,customer00067@examplebank.ca,ACTIVE,2025-10-23,2026-10-01 20:00:00
C00068,Noah,Lewis,1959-04-13,INDIVIDUAL,CA,T6Q8V8Y,780-555-0068,customer00068@examplebank.ca,INACTIVE,2024-04-20,2026-09-30 15:00:00
C00069,Daniel,Lewis,1982-09-15,BUSINESS,CA,T7R9W9C,780-555-0069,customer00069@examplebank.ca,INACTIVE,2022-04-09,2026-10-01 09:00:00
C00070,Aisha,Wright,1942-10-13,BUSINESS,CA,T8S0X0D,780-555-0070,customer00070@examplebank.ca,INACTIVE,2021-10-20,2026-10-01 05:00:00
C00071,Evelyn,Campbell,1993-09-24,INDIVIDUAL,CA,T9T1Y1E,780-555-0071,customer00071@examplebank.ca,INACTIVE,2025-05-10,2026-09-30 12:00:00
C00072,Lucas,King,1974-07-16,BUSINESS,CA,T1U2B2F,780-555-0072,customer00072@examplebank.ca,ACTIVE,2021-11-15,2026-10-02 10:00:00
C00073,Aisha,Green,2032-05-10,INDIVIDUAL,CA,T2V3C3G,780-555-0073,customer00073@examplebank.ca,ACTIVE,2022-12-25,2026-10-01 01:00:00
C00074,Olivia,Brown,1994-03-28,BUSINESS,CA,T3W4D4H,780-555-0074,customer00074@examplebank.ca,INACTIVE,2024-10-01,2026-10-01 06:00:00
C00075,Lucas,Hall,1967-08-11,BUSINESS,CA,T4X5E5I,780-555-0075,customer00075@examplebank.ca,ACTIVE,2021-11-27,2026-10-01 14:00:00
C00076,Evelyn,Brown,1950-08-01,BUSINESS,CA,T5Y6F6J,780-555-0076,customer00076@examplebank.ca,ACTIVE,2022-12-10,2026-09-30 12:00:00
C00077,Aisha,Walker,1948-11-02,INDIVIDUAL,CA,T6Z7G7K,780-555-0077,customer00077@examplebank.ca,ACTIVE,2023-02-07,2026-09-30 11:00:00
C00078,Liam,Roberts,1959-04-05,INDIVIDUAL,CA,T7A8H8L,780-555-0078,customer00078@examplebank.ca,INACTIVE,2022-08-31,2026-10-01 05:00:00
C00079,Ella,Taylor,1972-06-06,INDIVIDUAL,CA,T8B9I9M,780-555-0079,customer00079@examplebank.ca,ACTIVE,2025-12-24,2026-09-30 21:00:00
C00080,Lucas,Green,1943-05-19,INDIVIDUAL,CA,T9C0J0N,780-555-0080,customer00080@examplebank.ca,ACTIVE,2023-04-08,2026-09-30 16:00:00
C00081,Mia,Campbell,1971-02-23,INDIVIDUAL,CA,T1D1K1O,780-555-0081,customer00081@examplebank.ca,ACTIVE,2024-08-21,2026-09-30 10:00:00
C00082,Henry,King,1994-11-12,INDIVIDUAL,CA,T2E2L2P,780-555-0082,customer00082@examplebank.ca,INACTIVE,2021-12-22,2026-10-02 07:00:00
C00083,Benjamin,Martin,2002-02-14,BUSINESS,CA,T3F3M3Q,780-555-0083,customer00083@examplebank.ca,ACTIVE,2022-06-22,2026-10-01 12:00:00
C00084,Evelyn,Nelson,1974-10-26,BUSINESS,CA,T4G4N4R,780-555-0084,customer00084@examplebank.ca,INACTIVE,2021-12-15,2026-09-30 01:00:00
C00085,Emma,Hall,1974-06-28,BUSINESS,CA,T5H5O5S,780-555-0085,customer00085@examplebank.ca,ACTIVE,2022-05-19,2026-10-01 20:00:00
C00086,Lucas,King,1999-10-20,INDIVIDUAL,CA,T6I6P6T,780-555-0086,customer00086@examplebank.ca,INACTIVE,2021-10-25,2026-09-30 17:00:00
C00087,Amelia,Hall,1981-03-16,BUSINESS,CA,T7J7Q7U,780-555-0087,customer00087@examplebank.ca,ACTIVE,2023-03-31,2026-10-01 22:00:00
C00088,Sophia,Wilson,1975-09-01,INDIVIDUAL,CA,T8K8R8V,780-555-0088,customer00088@examplebank.ca,INACTIVE,2023-11-06,2026-10-01 02:00:00
C00089,Harper,Baker,1970-12-16,INDIVIDUAL,CA,T9L9S9W,,customer00089@examplebank.ca,ACTIVE,2024-12-08,2026-09-30 18:00:00
C00090,Mia,Roberts,1968-07-23,BUSINESS,CA,T1M0T0X,780-555-0090,customer00090@examplebank.ca,INACTIVE,2023-06-26,2026-10-01 20:00:00
C00091,James,Wright,1984-07-24,BUSINESS,CA,T2N1U1Y,780-555-0091,customer00091@examplebank.ca,ACTIVE,2024-11-13,2026-10-01 00:00:00
C00092,Sophia,King,1972-04-04,INDIVIDUAL,CA,T3O2V2C,780-555-0092,customer00092@examplebank.ca,ACTIVE,2025-07-06,2026-09-30 13:00:00
C00093,Jack,Carter,1967-12-16,BUSINESS,CA,T4P3W3D,780-555-0093,customer00093@examplebank.ca,ACTIVE,2021-12-01,2026-10-01 18:00:00
C00094,Olivia,Young,1964-05-08,INDIVIDUAL,CA,T5Q4X4E,780-555-0094,customer00094@examplebank.ca,ACTIVE,2025-01-18,2026-10-01 12:00:00
C00095,Noah,Nelson,1945-01-18,INDIVIDUAL,CA,T6R5Y5F,780-555-0095,customer00095@examplebank.ca,ACTIVE,2023-05-15,2026-10-01 17:00:00
C00096,James,Clark,1976-08-16,INDIVIDUAL,CA,T7S6B6G,780-555-0096,customer00096@examplebank.ca,ACTIVE,2021-10-03,2026-10-01 07:00:00
C00097,Lucas,Nelson,2001-02-27,INDIVIDUAL,CA,T8T7C7H,780-555-0097,customer00097@examplebank.ca,ACTIVE,2025-09-26,2026-10-02 07:00:00
C00098,Mason,Taylor,1959-10-10,BUSINESS,CA,T9U8D8I,780-555-0098,customer00098@examplebank.ca,ACTIVE,2022-03-28,2026-10-02 06:00:00
C00099,Jack,Adams,1988-08-15,BUSINESS,CA,T1V9E9J,780-555-0099,customer00099@examplebank.ca,ACTIVE,2023-03-03,2026-10-01 16:00:00
C00100,Ethan,Wilson,1952-04-21,INDIVIDUAL,CA,T2W0F0K,780-555-0100,customer00100@examplebank.ca,ACTIVE,2025-08-12,2026-10-01 22:00:00
C00101,Benjamin,Campbell,1949-03-01,BUSINESS,CA,T3X1G1L,780-555-0101,customer00101@examplebank.ca,ACTIVE,2026-05-28,2026-10-01 09:00:00
C00102,Benjamin,Wilson,1969-05-23,INDIVIDUAL,CA,T4Y2H2M,780-555-0102,customer00102@examplebank.ca,ACTIVE,2022-03-03,2026-10-01 17:00:00
C00103,Mason,Martin,1965-07-04,BUSINESS,CA,T5Z3I3N,780-555-0103,customer00103@examplebank.ca,ACTIVE,2026-03-09,2026-10-01 01:00:00
C00104,Ella,Roberts,1947-03-26,BUSINESS,CA,T6A4J4O,780-555-0104,customer00104@examplebank.ca,INACTIVE,2025-11-21,2026-10-01 16:00:00
C00105,Lucas,Hall,1999-12-10,BUSINESS,CA,T7B5K5P,780-555-0105,customer00105@examplebank.ca,INACTIVE,2026-02-19,2026-09-30 15:00:00
C00106,Ella,Hall,1945-07-24,INDIVIDUAL,CA,T8C6L6Q,780-555-0106,customer00106@examplebank.ca,ACTIVE,2025-04-21,2026-10-01 15:00:00
C00107,Jack,Brown,1942-11-27,INDIVIDUAL,CA,T9D7M7R,780-555-0107,customer00107@examplebank.ca,INACTIVE,2023-09-05,2026-10-01 18:00:00
C00108,Charlotte,Nelson,1996-05-06,INDIVIDUAL,CA,T1E8N8S,780-555-0108,customer00108@examplebank.ca,INACTIVE,2024-08-20,2026-09-30 22:00:00
C00109,Liam,Clark,1992-06-11,BUSINESS,CA,T2F9O9T,780-555-0109,customer00109@examplebank.ca,INACTIVE,2022-09-12,2026-09-30 17:00:00
C00110,Evelyn,Brown,2003-05-22,BUSINESS,CA,T3G0P0U,780-555-0110,customer00110@examplebank.ca,ACTIVE,2024-10-27,2026-10-01 10:00:00
C00111,Lucas,Carter,1972-06-04,INDIVIDUAL,CA,T4H1Q1V,780-555-0111,customer00111@examplebank.ca,INACTIVE,2024-04-08,2026-09-27 08:00:00
C00112,Ella,Nelson,1946-04-17,BUSINESS,CA,T5I2R2W,780-555-0112,customer00112@examplebank.ca,ACTIVE,2025-06-12,2026-10-01 12:00:00
C00113,Mia,Baker,1974-09-05,BUSINESS,CA,T6J3S3X,780-555-0113,customer00113@examplebank.ca,ACTIVE,2026-06-04,2026-09-30 00:00:00
C00114,Evelyn,Smith,1970-12-06,BUSINESS,CA,T7K4T4Y,780-555-0114,customer00114@examplebank.ca,ACTIVE,2025-04-29,2026-10-01 16:00:00
C00115,Noah,Nelson,1954-08-04,BUSINESS,CA,T8L5U5C,780-555-0115,customer00115@examplebank.ca,ACTIVE,2024-04-04,2026-09-30 18:00:00
C00116,Evelyn,Martin,2001-08-08,BUSINESS,CA,T9M6V6D,780-555-0116,customer00116@examplebank.ca,ACTIVE,2023-03-24,2026-10-01 06:00:00
C00117,Charlotte,King,1957-02-09,BUSINESS,CA,T1N7W7E,780-555-0117,customer00117@examplebank.ca,ACTIVE,2024-12-31,2026-09-30 10:00:00
C00118,Harper,Martin,1978-10-19,BUSINESS,CA,T2O8X8F,780-555-0118,customer00118@examplebank.ca,INACTIVE,2024-08-26,2026-09-30 17:00:00
C00119,Lucas,Baker,1982-09-25,BUSINESS,CA,T3P9Y9G,780-555-0119,customer00119@examplebank.ca,ACTIVE,2022-09-04,2026-10-01 01:00:00
C00120,Charlotte,Brown,1970-10-13,BUSINESS,CA,T4Q0B0H,780-555-0120,customer00120@examplebank.ca,INACTIVE,2022-08-19,2026-10-01 21:00:00
C00121,Noah,Nelson,1988-07-22,INDIVIDUAL,CA,T5R1C1I,780-555-0121,customer00121@examplebank.ca,ACTIVE,2023-10-09,2026-09-30 09:00:00
C00122,Benjamin,Taylor,1982-02-28,BUSINESS,CA,T6S2D2J,780-555-0122,customer00122@examplebank.ca,ACTIVE,2022-07-15,2026-09-30 05:00:00
C00123,Noah,Wilson,1958-07-28,BUSINESS,CA,T7T3E3K,780-555-0123,customer00123@examplebank.ca,ACTIVE,2024-09-08,2026-09-30 18:00:00
C00124,James,Mitchell,1990-11-03,BUSINESS,CA,T8U4F4L,780-555-0124,customer00124@examplebank.ca,ACTIVE,2023-01-27,2026-09-30 05:00:00
C00125,Emma,Walker,2002-09-02,BUSINESS,CA,T9V5G5M,780-555-0125,customer00125@examplebank.ca,ACTIVE,2022-05-26,2026-09-30 20:00:00
C00126,Liam,Baker,1951-07-04,INDIVIDUAL,CA,T1W6H6N,780-555-0126,customer00126@examplebank.ca,ACTIVE,2026-06-04,2026-09-30 11:00:00
C00127,Mia,Wright,1945-06-26,BUSINESS,CA,T2X7I7O,780-555-0127,customer00127@examplebank.ca,INACTIVE,2025-10-08,2026-10-02 08:00:00
C00128,Olivia,Clark,1971-09-14,INDIVIDUAL,CA,T3Y8J8P,780-555-0128,customer00128@examplebank.ca,ACTIVE,2023-03-03,2026-09-30 23:00:00
C00129,Harper,Roberts,1988-10-22,INDIVIDUAL,CA,T4Z9K9Q,780-555-0129,customer00129@examplebank.ca,ACTIVE,2024-01-01,2026-10-01 20:00:00
C00130,Aisha,Baker,1972-08-09,BUSINESS,CA,T5A0L0R,780-555-0130,customer00130@examplebank.ca,ACTIVE,2026-03-04,2026-09-30 17:00:00
C00131,Charlotte,Hall,1996-06-19,BUSINESS,CA,T6B1M1S,780-555-0131,customer00131@examplebank.ca,ACTIVE,2025-06-21,2026-10-01 16:00:00
C00132,Lucas,Roberts,1989-08-04,BUSINESS,CA,T7C2N2T,780-555-0132,customer00132@examplebank.ca,ACTIVE,2022-08-31,2026-10-01 20:00:00
C00133,Lucas,Hall,1977-01-27,INDIVIDUAL,CA,T8D3O3U,780-555-0133,customer00133@examplebank.ca,ACTIVE,2023-03-10,2026-09-30 17:00:00
C00134,Mason,Campbell,2003-05-25,BUSINESS,CA,T9E4P4V,780-555-0134,customer00134@examplebank.ca,ACTIVE,2023-01-07,2026-09-30 08:00:00
C00135,Noah,Taylor,1964-10-09,INDIVIDUAL,CA,T1F5Q5W,780-555-0135,customer00135@examplebank.ca,ACTIVE,2022-03-01,2026-09-30 16:00:00
C00136,Noah,Wilson,1996-01-19,BUSINESS,CA,T2G6R6X,780-555-0136,customer00136@examplebank.ca,ACTIVE,2022-05-25,2026-10-01 12:00:00
C00137,Evelyn,Wright,1993-03-07,BUSINESS,CA,T3H7S7Y,780-555-0137,customer00137@examplebank.ca,ACTIVE,2025-02-22,2026-10-02 03:00:00
C00138,James,Taylor,2001-05-24,BUSINESS,CA,T4I8T8C,780-555-0138,customer00138@examplebank.ca,ACTIVE,2025-10-18,2026-09-30 04:00:00
C00139,Lucas,Mitchell,1968-11-24,BUSINESS,CA,T5J9U9D,780-555-0139,customer00139@examplebank.ca,ACTIVE,2022-02-25,2026-09-30 16:00:00
C00140,Liam,Baker,1990-01-09,BUSINESS,CA,T6K0V0E,780-555-0140,customer00140@examplebank.ca,ACTIVE,2023-04-23,2026-10-01 01:00:00
C00141,Mason,Nelson,1988-11-12,INDIVIDUAL,CA,T7L1W1F,780-555-0141,customer00141@examplebank.ca,ACTIVE,2023-03-02,2026-10-02 05:00:00
C00142,Benjamin,Young,1968-11-03,BUSINESS,CA,T8M2X2G,780-555-0142,customer00142@examplebank.ca,ACTIVE,2025-10-20,2026-09-30 19:00:00
C00143,Liam,Taylor,1945-01-10,INDIVIDUAL,CA,T9N3Y3H,780-555-0143,customer00143@examplebank.ca,ACTIVE,2024-05-29,2026-10-01 04:00:00
C00144,Evelyn,Adams,1998-06-22,INDIVIDUAL,CA,T1O4B4I,780-555-0144,customer00144@examplebank.ca,INACTIVE,2022-11-30,2026-09-30 12:00:00
C00145,Ethan,Brown,1952-08-20,BUSINESS,CA,T2P5C5J,780-555-0145,customer00145@examplebank.ca,ACTIVE,2024-02-06,2026-10-01 09:00:00
C00146,Liam,Wright,1996-04-28,BUSINESS,CA,T3Q6D6K,780-555-0146,customer00146@examplebank.ca,ACTIVE,2024-05-09,2026-10-01 12:00:00
C00147,Benjamin,Wilson,1975-04-04,INDIVIDUAL,CA,T4R7E7L,780-555-0147,customer00147@examplebank.ca,ACTIVE,2026-04-21,2026-09-30 05:00:00
C00148,Jack,Lewis,1982-04-05,INDIVIDUAL,CA,T5S8F8M,780-555-0148,customer00148@examplebank.ca,ACTIVE,2023-04-20,2026-09-30 09:00:00
C00149,Noah,Campbell,1967-04-11,INDIVIDUAL,CA,T6T9G9N,780-555-0149,customer00149@examplebank.ca,ACTIVE,2021-10-09,2026-09-30 10:00:00
C00150,Olivia,Taylor,1958-03-18,INDIVIDUAL,CA,T7U0H0O,780-555-0150,customer00150@examplebank.ca,ACTIVE,2026-07-03,2026-10-01 19:00:00
C00150,Aisha,Clark,1985-04-19,BUSINESS,CA,T8V1I1P,780-555-0151,customer00151@examplebank.ca,ACTIVE,2025-11-16,2026-10-01 15:00:00
C00152,Emma,Nelson,1993-09-04,BUSINESS,CA,T9W2J2Q,780-555-0152,customer00152@examplebank.ca,ACTIVE,2023-09-16,2026-09-30 12:00:00
C00153,Ella,Brown,1953-08-17,BUSINESS,CA,T1X3K3R,780-555-0153,customer00153@examplebank.ca,INACTIVE,2022-12-24,2026-10-01 21:00:00
C00154,Lucas,Adams,1943-01-16,INDIVIDUAL,CA,T2Y4L4S,780-555-0154,customer00154@examplebank.ca,INACTIVE,2022-08-05,2026-09-30 05:00:00
C00155,Ella,Martin,1996-02-03,INDIVIDUAL,CA,T3Z5M5T,780-555-0155,customer00155@examplebank.ca,ACTIVE,2025-01-16,2026-10-01 15:00:00
C00156,Mia,Baker,1981-07-20,BUSINESS,CA,T4A6N6U,780-555-0156,customer00156@examplebank.ca,ACTIVE,2022-02-20,2026-10-01 02:00:00
C00157,Evelyn,Lewis,1954-11-21,BUSINESS,CA,T5B7O7V,780-555-0157,customer00157@examplebank.ca,INACTIVE,2025-04-22,2026-09-30 03:00:00
C00158,Lucas,Adams,1992-06-27,INDIVIDUAL,CA,T6C8P8W,780-555-0158,customer00158@examplebank.ca,ACTIVE,2024-03-11,2026-10-01 06:00:00
C00159,Noah,Nelson,1980-11-09,INDIVIDUAL,CA,T7D9Q9X,780-555-0159,customer00159@examplebank.ca,ACTIVE,2021-12-03,2026-10-01 12:00:00
C00160,Amelia,Martin,1950-02-14,INDIVIDUAL,CA,T8E0R0Y,780-555-0160,customer00160@examplebank.ca,ACTIVE,2022-10-30,2026-10-02 05:00:00
C00161,Charlotte,Brown,1955-07-12,BUSINESS,CA,T9F1S1C,780-555-0161,customer00161@examplebank.ca,ACTIVE,2024-08-12,2026-09-30 04:00:00
C00162,Noah,Nelson,1953-10-17,INDIVIDUAL,CA,T1G2T2D,780-555-0162,customer00162@examplebank.ca,ACTIVE,2024-08-15,2026-10-01 22:00:00
C00163,Jack,Walker,1987-02-25,BUSINESS,CA,T2H3U3E,780-555-0163,customer00163@examplebank.ca,ACTIVE,2023-03-04,2026-10-01 18:00:00
C00164,Mia,King,1974-01-06,BUSINESS,CA,T3I4V4F,780-555-0164,customer00164@examplebank.ca,ACTIVE,2025-07-27,2026-10-01 18:00:00
C00165,Emma,Martin,1958-10-22,INDIVIDUAL,CA,T4J5W5G,780-555-0165,customer00165@examplebank.ca,ACTIVE,2022-05-27,2026-10-01 10:00:00
C00166,James,Clark,1967-07-14,BUSINESS,CA,T5K6X6H,780-555-0166,customer00166@examplebank.ca,ACTIVE,2022-07-17,2026-10-01 06:00:00
C00167,Daniel,Martin,1981-10-20,INDIVIDUAL,CA,T6L7Y7I,780-555-0167,customer00167@examplebank.ca,ACTIVE,2022-10-22,2026-10-02 06:00:00
C00168,Charlotte,Nelson,1950-05-15,BUSINESS,CA,T7M8B8J,780-555-0168,customer00168@examplebank.ca,INACTIVE,2025-01-20,2026-09-30 17:00:00
C00169,Charlotte,Taylor,1967-09-04,BUSINESS,CA,T8N9C9K,780-555-0169,customer00169@examplebank.ca,INACTIVE,2023-08-19,2026-10-01 13:00:00
C00170,Ella,Brown,1979-01-08,INDIVIDUAL,CA,T9O0D0L,780-555-0170,customer00170@examplebank.ca,ACTIVE,2024-11-23,2026-10-01 10:00:00
C00171,Mia,King,1967-03-25,INDIVIDUAL,CA,T1P1E1M,780-555-0171,customer00171@examplebank.ca,ACTIVE,2023-10-19,2026-10-01 19:00:00
C00172,Evelyn,Walker,1995-03-05,BUSINESS,CA,T2Q2F2N,780-555-0172,customer00172@examplebank.ca,ACTIVE,2024-05-11,2026-09-26 10:30:00
C00173,Emma,King,1945-07-01,BUSINESS,CA,T3R3G3O,780-555-0173,customer00173@examplebank.ca,INACTIVE,2022-08-10,2026-10-01 06:00:00
C00174,Aisha,King,1993-05-04,INDIVIDUAL,CA,T4S4H4P,780-555-0174,customer00174@examplebank.ca,INACTIVE,2021-12-03,2026-10-01 10:00:00
C00175,Liam,Walker,1986-02-14,BUSINESS,CA,T5T5I5Q,780-555-0175,customer00175@examplebank.ca,INACTIVE,2023-08-25,2026-09-30 05:00:00
C00176,James,Walker,1950-07-28,BUSINESS,CA,T6U6J6R,780-555-0176,customer00176@examplebank.ca,ACTIVE,2026-02-27,2026-10-01 16:00:00
C00177,Amelia,Wright,1954-09-17,INDIVIDUAL,CA,T7V7K7S,780-555-0177,customer00177@examplebank.ca,ACTIVE,2026-01-04,2026-10-01 23:00:00
C00178,Ella,Martin,1958-05-07,INDIVIDUAL,CA,T8W8L8T,780-555-0178,customer00178@examplebank.ca,ACTIVE,2022-04-03,2026-10-02 00:00:00
C00179,Jack,Baker,2003-08-25,BUSINESS,CA,T9X9M9U,780-555-0179,customer00179@examplebank.ca,ACTIVE,2025-09-27,2026-09-30 23:00:00
C00180,Mia,Hall,1996-02-16,INDIVIDUAL,CA,T1Y0N0V,780-555-0180,customer00180@examplebank.ca,ACTIVE,2023-09-28,2026-10-01 07:00:00
C00181,Daniel,Brown,1949-05-15,BUSINESS,CA,T2Z1O1W,780-555-0181,customer00181@examplebank.ca,ACTIVE,2026-02-26,2026-10-01 07:00:00
C00182,Lucas,Baker,1951-10-20,INDIVIDUAL,CA,T3A2P2X,780-555-0182,customer00182@examplebank.ca,INACTIVE,2022-01-17,2026-10-01 03:00:00
C00183,Henry,Martin,1964-06-20,INDIVIDUAL,CA,T4B3Q3Y,780-555-0183,customer00183@examplebank.ca,INACTIVE,2026-01-03,2026-10-01 05:00:00
C00184,Olivia,Brown,1983-12-03,INDIVIDUAL,CA,T5C4R4C,780-555-0184,customer00184@examplebank.ca,INACTIVE,2024-02-15,2026-10-01 03:00:00
C00185,Mia,Green,1960-06-12,BUSINESS,CA,T6D5S5D,780-555-0185,customer00185@examplebank.ca,ACTIVE,2022-10-12,2026-09-30 01:00:00
C00186,Emma,King,1946-11-21,INDIVIDUAL,CA,T7E6T6E,780-555-0186,customer00186@examplebank.ca,INACTIVE,2024-12-29,2026-10-01 14:00:00
C00187,Ella,Martin,1972-12-28,BUSINESS,CA,T8F7U7F,780-555-0187,customer00187@examplebank.ca,ACTIVE,2023-04-27,2026-09-30 17:00:00
C00188,Lucas,Martin,1958-06-10,INDIVIDUAL,CA,T9G8V8G,780-555-0188,customer00188@examplebank.ca,ACTIVE,2023-06-15,2026-09-30 18:00:00
C00189,Noah,Carter,1988-11-26,INDIVIDUAL,CA,T1H9W9H,780-555-0189,customer00189@examplebank.ca,INACTIVE,2023-09-26,2026-10-01 14:00:00
C00190,Olivia,Lewis,1986-01-12,BUSINESS,CA,T2I0X0I,780-555-0190,customer00190@examplebank.ca,INACTIVE,2025-07-05,2026-10-01 16:00:00
C00191,Mia,Taylor,1968-03-05,INDIVIDUAL,CA,T3J1Y1J,780-555-0191,customer00191@examplebank.ca,ACTIVE,2022-04-16,2026-10-02 07:00:00
C00192,Olivia,Clark,1956-10-13,INDIVIDUAL,CA,T4K2B2K,780-555-0192,customer00192@examplebank.ca,INACTIVE,2026-05-05,2026-10-02 02:00:00
C00193,Mason,Baker,1992-06-22,BUSINESS,CA,T5L3C3L,780-555-0193,customer00193@examplebank.ca,INACTIVE,2025-04-10,2026-09-30 13:00:00
C00194,Harper,Lewis,1970-05-26,BUSINESS,CA,T6M4D4M,780-555-0194,customer00194@examplebank.ca,INACTIVE,2023-12-31,2026-09-30 09:00:00
C00195,Charlotte,Clark,1976-07-17,INDIVIDUAL,CA,T7N5E5N,780-555-0195,customer00195@examplebank.ca,ACTIVE,2025-03-08,2026-10-01 02:00:00
C00196,Amelia,Mitchell,1946-11-16,INDIVIDUAL,CA,T8O6F6O,780-555-0196,customer00196@examplebank.ca,ACTIVE,2024-12-27,2026-09-30 04:00:00
C00197,Henry,Martin,1950-03-09,BUSINESS,CA,T9P7G7P,780-555-0197,customer00197@examplebank.ca,ACTIVE,2025-05-05,2026-10-01 07:00:00
C00198,Daniel,Green,1997-06-01,BUSINESS,CA,T1Q8H8Q,780-555-0198,customer00198@examplebank.ca,ACTIVE,2024-06-03,2026-10-01 09:00:00
C00199,James,Taylor,1950-06-08,BUSINESS,CA,T2R9I9R,780-555-0199,customer00199@examplebank.ca,ACTIVE,2025-10-25,2026-10-02 10:00:00
C00200,Noah,Nelson,1944-05-27,BUSINESS,CA,T3S0J0S,780-555-0200,customer00200@examplebank.ca,ACTIVE,2026-02-21,2026-10-01 05:00:00
